type,name,module,path,hash
"yaml","manifest","_config","_config/manifest.yaml","08a51ea76568293ef1a2e8593070b0807239af779adfae61060039f2ec21e744"
"csv","module-help","bmm","bmm/module-help.csv","c3c1033c8fffef924bb71342e22a0a2a8243911a0b856e2aa7804d8bb49feb5a"
"html","validation-report-template","bmm","bmm/plan/bmad-prd/assets/validation-report-template.html","a80becdd8205d2d7c18738855830b096172a496b96b5ca8a0820ec55c9bb8bf9"
"html","validation-report-template","bmm","bmm/plan/bmad-ux/assets/validation-report-template.html","8656945636fabe96624f8ef8fce931b073b5aecbe42d490584c1d5c7f31e1353"
"json","bmad-manifest","bmm","bmm/plan/bmad-prfaq/bmad-manifest.json","b67b016cd68535a97bd9164c237fbfe19a5b26bc1a3f0afe203fecfa40aab6ff"
"md","acceptance-verdict","bmm","bmm/ship/bmad-retrospective/references/acceptance-verdict.md","09a65007c39af83e01e039331c252e6e670b134cd5e2a4b5e05ac9d9fb7e37f1"
"md","aggregate-views","bmm","bmm/ship/bmad-retrospective/references/aggregate-views.md","5b278afce4a53692d8715b4af178e4233da0876921dc3154b5763d056cb5ff0b"
"md","artifact-analyzer","bmm","bmm/plan/bmad-prfaq/agents/artifact-analyzer.md","7bdc44830f8d593346ec0ee15e36e1e431432fcc6c38b70bb861999315c9cfa4"
"md","best-practices","bmm","bmm/plan/bmad-project-context/references/best-practices.md","850c45d2e1de44b1cd8e3b06b8175df53aac8983326d73351eab547bfacc532b"
"md","brief-template","bmm","bmm/plan/bmad-product-brief/assets/brief-template.md","bb28edf75d023067551c8d417b19b8803324e7acfb2ad0c80f882e9134f4c1f1"
"md","checklist","bmm","bmm/ship/bmad-correct-course/checklist.md","3e082b95def90ccb876e3101ce0bbaf797a0f03a9471e1347361897f27977327"
"md","checklist","bmm","bmm/ship/bmad-qa-generate-e2e-tests/checklist.md","b58f810aeb1040c2f6758c88aa133afce72f8cc178d3d97ff0fbaa3d943057dc"
"md","checklist","bmm","bmm/v6-shims/bmad-create-story/checklist.md","b94e28e774c3be0288f04ea163424bece4ddead5cd3f3680d1603ed07383323a"
"md","checklist","bmm","bmm/v6-shims/bmad-dev-story/checklist.md","630b68c6824a8785003a65553c1f335222b17be93b1bd80524c23b38bde1d8af"
"md","claims-check","bmm","bmm/ship/bmad-build/references/claims-check.md","50ea17cb89a78ef815286dde2dabfd09f1dc9841d07a10857f88b39ab7b9bd2a"
"md","claims-check","bmm","bmm/ship/bmad-build-auto/references/claims-check.md","50ea17cb89a78ef815286dde2dabfd09f1dc9841d07a10857f88b39ab7b9bd2a"
"md","claims-check","bmm","bmm/ship/bmad-code-review/references/claims-check.md","7be5d35dd90a1950addc2062acdf8669026b239117efe1e398da1e8161cfa6f9"
"md","color-themes","bmm","bmm/plan/bmad-ux/assets/color-themes.md","ccb6e4ef47a196476cf9392d788938ad3ca8d07b9ce095b7c092dcb4e06735f0"
"md","compile-epic-context","bmm","bmm/ship/bmad-build/compile-epic-context.md","6793b15ae85766cee529e6b349e45f2c6ec9e3212019611c29e8c77b4dc4b924"
"md","compile-epic-context","bmm","bmm/ship/bmad-build-auto/compile-epic-context.md","64d13b41974cfa0dfc1de64b6fbd8365e9b99f91c7c98f0ee1a9fbd018f324ca"
"md","creative-tools","bmm","bmm/plan/bmad-ux/references/creative-tools.md","e281292d7c0fdecdbb67ca9b7d95d4bed803626ba5edfd8dcc99146fcaa118e6"
"md","customer-faq","bmm","bmm/plan/bmad-prfaq/references/customer-faq.md","96f8565197649c58908a1d61b6cd805fd01f57da7945ba889c18d087ad597aeb"
"md","deletion-check","bmm","bmm/ship/bmad-build/references/deletion-check.md","0f1f124e4e957147e89164a272b10bedc694ad0d9ad2618c8610ac74ee9cb0da"
"md","deletion-check","bmm","bmm/ship/bmad-build-auto/references/deletion-check.md","0f1f124e4e957147e89164a272b10bedc694ad0d9ad2618c8610ac74ee9cb0da"
"md","deletion-check","bmm","bmm/ship/bmad-code-review/references/deletion-check.md","0f1f124e4e957147e89164a272b10bedc694ad0d9ad2618c8610ac74ee9cb0da"
"md","design-directions","bmm","bmm/plan/bmad-ux/assets/design-directions.md","eab73b948da76a27abc908e1e7d6b124e8ff0362e6dd1990f7e60b9541cbcb98"
"md","design-example-editorial","bmm","bmm/plan/bmad-ux/assets/design-example-editorial.md","a659166845b1a4ed3f9aef942c5935537a97382b10303684fbb78ed86265870e"
"md","design-example-mobile","bmm","bmm/plan/bmad-ux/assets/design-example-mobile.md","a93fb9f114f2e83af0c961c0d7909b3859fc80bcd713715517cd639a53a0372a"
"md","design-example-shadcn","bmm","bmm/plan/bmad-ux/assets/design-example-shadcn.md","25e0dfb2bb21483973a8f0a6ed650288b3dc2ae5ed02aa0f091bb9b6b0b39fc0"
"md","design-md-spec","bmm","bmm/plan/bmad-ux/references/design-md-spec.md","d04d5f663607aba3f3181e818ae33856e6caf5e560dcb16fa64ed80b7cf3d590"
"md","discover-inputs","bmm","bmm/v6-shims/bmad-create-story/discover-inputs.md","dfedba6a8ea05c9a91c6d202c4b29ee3ea793d8ef77575034787ae0fef280507"
"md","edge-case-hunter","bmm","bmm/ship/bmad-build/review-prompts/edge-case-hunter.md","8fc046af1cbf4ecc928207cec75e29c3c260adb86cc7da77537ade3b3a3b9448"
"md","edge-case-hunter","bmm","bmm/ship/bmad-build-auto/review-prompts/edge-case-hunter.md","8fc046af1cbf4ecc928207cec75e29c3c260adb86cc7da77537ade3b3a3b9448"
"md","edge-case-hunter","bmm","bmm/ship/bmad-code-review/review-prompts/edge-case-hunter.md","5f4572d57340b4c0d155f33454d644a44af101cd7fd02a01591be68a4ebb8b7f"
"md","epics-template","bmm","bmm/plan/bmad-create-epics-and-stories/templates/epics-template.md","a804f740155156d89661fa04e7a4264a8f712c4dc227c44fd8ae804a9b0f6b72"
"md","evidence-gathering","bmm","bmm/ship/bmad-retrospective/references/evidence-gathering.md","575bace78d7c03c48d86a209dd664f7dd22295a222b75e6d6298894cb7b7ce00"
"md","excalidraw-wireframe","bmm","bmm/plan/bmad-ux/assets/excalidraw-wireframe.md","660bbcdebff50cd044a3752eda43f3cb303aca4b0f521b55a270da93b89ddb18"
"md","experience-example-mobile","bmm","bmm/plan/bmad-ux/assets/experience-example-mobile.md","f8cd54c92193cd8c34a472df9c212ac7330976f6a115b729721dcb60034dc4f0"
"md","experience-example-shadcn","bmm","bmm/plan/bmad-ux/assets/experience-example-shadcn.md","d6ca16e87b768e8b41f352c02ee08af21d7cdac04ca21e6ae1556864b4d27590"
"md","fix-sprint-status","bmm","bmm/plan/bmad-sprint-planning/references/fix-sprint-status.md","0406c31b70da33e2a354d9785f43d8f9918f4b923d0aac2ebd1e3707ebad5806"
"md","generate-tracking","bmm","bmm/plan/bmad-sprint-planning/references/generate-tracking.md","4dbf7aca26d0e6e893f288fc5e6158dbbcd65f77bbaf95e941ca705abceb1741"
"md","generate-trail","bmm","bmm/ship/bmad-walkthrough/generate-trail.md","4a5936d86fbe5a85285b4535097b1e2edda8849da35586f4b588a982d7224459"
"md","headless","bmm","bmm/plan/bmad-architecture/references/headless.md","4db2708f335c94cb024b5eba022b1e3d88b1ec61c94c4716626d9b89684f5833"
"md","headless","bmm","bmm/plan/bmad-prd/references/headless.md","4dad58ebee63933a53179016513ff94d143ce9f68e226489d390e2c36bf1d848"
"md","headless","bmm","bmm/plan/bmad-ux/references/headless.md","8da7e23d269b1644f45b5104a243a6a27fd8d075aebb95d9b7752f0d143f0f5d"
"md","headless-schemas","bmm","bmm/plan/bmad-prd/assets/headless-schemas.md","8d3621333a72400512bd62511bc4c73fc745711505e1f852c697ff8c5fa2de93"
"md","headless-schemas","bmm","bmm/plan/bmad-spec/assets/headless-schemas.md","83afb3614716db2347d83586a67b9c524492dd50db5282436ccb35c99fb5f08a"
"md","headless-schemas","bmm","bmm/plan/bmad-ux/assets/headless-schemas.md","e3a773dde85286f1a6f6dd8b26fc17e09ccea96f6257dfe7fb436353cd79242d"
"md","internal-faq","bmm","bmm/plan/bmad-prfaq/references/internal-faq.md","26eb83f844cda1ed8efb50f4703d61713ada8a64bd27eb387f759f858b5748de"
"md","key-screens","bmm","bmm/plan/bmad-ux/assets/key-screens.md","ff1c5060673dd595edd61e76806bae876264ec6895c2eaadf8a6190785bf5f7b"
"md","prd-template","bmm","bmm/plan/bmad-prd/assets/prd-template.md","b6fe8fc1390b8e46961d5eb5e6f2fe6c65dca2f30623d492677672e02868f7ab"
"md","prd-validation-checklist","bmm","bmm/plan/bmad-prd/assets/prd-validation-checklist.md","41d9f09064772a92ec908d970618e47ba63dc86b5c5a1a21d5a2c676d3ba8e3f"
"md","press-release","bmm","bmm/plan/bmad-prfaq/references/press-release.md","c406adb0e2d2cc326cbc45d0174f89d014523448ad82bc272293999d22aec596"
"md","prfaq-template","bmm","bmm/plan/bmad-prfaq/assets/prfaq-template.md","b27e6964f0437ab4e78c8c0ffbe5052c28e3b3ef2fc811726cbb394d5a5c7559"
"md","readiness-gate","bmm","bmm/plan/bmad-sprint-planning/references/readiness-gate.md","7d58ea61fafe3c1d8218203abc7512e322ca384c78d9e71829df55dfabe1245b"
"md","README","bmm","bmm/v6-shims/README.md","5495469425b50bca1cd74899c6ebfe840f137cf2a68d008bc993aa2574bd9972"
"md","retro-document","bmm","bmm/ship/bmad-retrospective/references/retro-document.md","de8164664cd2be7f73b8ba5552e9e0f58816d2a7c4be8efc7715461846bb7001"
"md","reviewer-gate","bmm","bmm/plan/bmad-architecture/references/reviewer-gate.md","d32e32a3c1d59b5612b947004f3f6fef1117a13ce9f1ffa428d616e0b5d4db69"
"md","SKILL","bmm","bmm/agents/bmad-agent-analyst/SKILL.md","8b7c9d72968614a846ca3607e4b9eb4b124d36eb6dac86150e35eeb4bcd7d913"
"md","SKILL","bmm","bmm/agents/bmad-agent-architect/SKILL.md","dcedd59cea2aa2d9dac0efda0d62824f624dbd80164280306ef830fcc7822f16"
"md","SKILL","bmm","bmm/agents/bmad-agent-dev/SKILL.md","0bc44690f0dc7fdeaabd763efd3ead4b2e8bb8b3a8d5437140605a544b39bb1f"
"md","SKILL","bmm","bmm/agents/bmad-agent-pm/SKILL.md","e38fe9aa923f3e4c885aad87d32d34afa6f1a5952ff9697a656f85378f9e9a04"
"md","SKILL","bmm","bmm/agents/bmad-agent-ux-designer/SKILL.md","8fb7ee707fe0e9795608e54ab5bf93af46183134fb2f38d5b964b8a98fa85c1e"
"md","SKILL","bmm","bmm/plan/bmad-architecture/SKILL.md","4a256afa9c725e0bf5b55961d21774f1eb00011dbe31509e280a955bdb1a5c09"
"md","SKILL","bmm","bmm/plan/bmad-create-epics-and-stories/SKILL.md","df61e2df22e0645f44a60c15320f2b93fbabf4a62fbb4a2eac399b7e7a081127"
"md","SKILL","bmm","bmm/plan/bmad-generate-project-context/SKILL.md","bcc8914803f1f051387e1a3f84ac9f7c25814703e776f2cab65233cbc362d0dd"
"md","SKILL","bmm","bmm/plan/bmad-prd/SKILL.md","1e0436d7863406e9f4ed6d1b9d97d2c3304dbcdf8dc4c5b1e76b560d0663bbb9"
"md","SKILL","bmm","bmm/plan/bmad-prfaq/SKILL.md","5c699e0f9eb5b40d29403c87077a820a5a36d91bd730f88998daf21c48b77891"
"md","SKILL","bmm","bmm/plan/bmad-product-brief/SKILL.md","ab64cab428cd5014dcade28df615ac75ac10cc501eab0410567f1f9a3dd15e1a"
"md","SKILL","bmm","bmm/plan/bmad-project-context/SKILL.md","50b0ee0f4905273dd7f8a57a4e79b2ff47eabb074b6f4bce8242b950b37dfb63"
"md","SKILL","bmm","bmm/plan/bmad-spec/SKILL.md","46a2c3d5541d63af1520fac6b7abfff161a94b52fed51df6454115e3da5639c7"
"md","SKILL","bmm","bmm/plan/bmad-sprint-planning/SKILL.md","dad69f365f08e4043f07c1b10c1d387aedf544696be9f5ee06be885eb2263f07"
"md","SKILL","bmm","bmm/plan/bmad-ux/SKILL.md","9bbdf3c884d5ccaaafc1bf740ce412b0c220239880625c49e8856cfacee01ffe"
"md","SKILL","bmm","bmm/ship/bmad-build/SKILL.md","1cdf5406965ba24236d2375739d839699eb56b619834490539d1bd3d5111f890"
"md","SKILL","bmm","bmm/ship/bmad-build-auto/SKILL.md","ea798a5f7df3b11eb73555a54fc0516c70d8f98739bd7857d968297b26f6ef94"
"md","SKILL","bmm","bmm/ship/bmad-code-review/SKILL.md","c6aad905fb70b76f88db76550f0de3b9170ea99099c0b592c6c3609bf3c05218"
"md","SKILL","bmm","bmm/ship/bmad-correct-course/SKILL.md","d04921fc889c501ca3d6cb8abd087dcd0884fb4b21b4d386b896a058526c4cbf"
"md","SKILL","bmm","bmm/ship/bmad-qa-generate-e2e-tests/SKILL.md","23e70e3c69ef91d73a61109fbc2abe41241756ed61ac28b5e6da7dcfd5b52eb5"
"md","SKILL","bmm","bmm/ship/bmad-retrospective/SKILL.md","dc43ce39da086330fd645cf2ae560d5be941761a6f35478e3e9278c7b721a08f"
"md","SKILL","bmm","bmm/ship/bmad-walkthrough/SKILL.md","19aeb0a2451aae83a2a8fe3a314e383332c4e2108d6cedfa38f79e7b9b9ef80e"
"md","SKILL","bmm","bmm/v6-shims/bmad-checkpoint-preview/SKILL.md","62aae3adfe26ee2d864f9e34c12e3f7c62950d889a6b5e6416a0bebbd7cad84b"
"md","SKILL","bmm","bmm/v6-shims/bmad-create-architecture/SKILL.md","f438c90ac1e9020354e6b5eb00a4bfca52b163c16ef1d42cf3581e32032bf711"
"md","SKILL","bmm","bmm/v6-shims/bmad-create-prd/SKILL.md","16ab98f40a66c7dc8c6efca7db13d1975c7b16bb64e0fe4838c6db9e1af7a5fc"
"md","SKILL","bmm","bmm/v6-shims/bmad-create-story/SKILL.md","b9aee345d2ce893cbd327606e770ef3c60e7ebbbeda50b99b0b422401cf3b251"
"md","SKILL","bmm","bmm/v6-shims/bmad-dev-auto/SKILL.md","b5a177ecc3b547f8c45722cee46078d68879e087255d10b6593a16b03c65eaa9"
"md","SKILL","bmm","bmm/v6-shims/bmad-dev-story/SKILL.md","a4778baf44d18f0811705fee7bd9b1ae882a45fa39d01c5ed5586fd2706cfcdb"
"md","SKILL","bmm","bmm/v6-shims/bmad-document-project/SKILL.md","4ecad3a6cdd7cf7b772f9d3cf6efd50677fd15b0b753123b04c53fc95b0691d8"
"md","SKILL","bmm","bmm/v6-shims/bmad-domain-research/SKILL.md","420270964e725a18a34302557c86be8975a3fa646f50b79f6d586c09f4aa0b06"
"md","SKILL","bmm","bmm/v6-shims/bmad-edit-prd/SKILL.md","13891652dc3ac8ab01d42ee6f653edfd20d9d88fc2463284d9ddbf94682206e6"
"md","SKILL","bmm","bmm/v6-shims/bmad-market-research/SKILL.md","d39a24dc803a5262625692454dc4d82871c5894cfe3a0644b582fa4c55be42d5"
"md","SKILL","bmm","bmm/v6-shims/bmad-quick-dev/SKILL.md","4bdd6f8704a520b8858e17de0682c4af36a8c35ab4c3207ea63712a0afa44bd2"
"md","SKILL","bmm","bmm/v6-shims/bmad-sprint-status/SKILL.md","47f2a25933e2dd05fbbc7eb92a32fdd0d9821a2099db1916144f190834658bae"
"md","SKILL","bmm","bmm/v6-shims/bmad-technical-research/SKILL.md","e43bd9028a862b0c8b7c35c446907faa3b2a5768bd29a9367bdb3358696efcde"
"md","SKILL","bmm","bmm/v6-shims/bmad-validate-prd/SKILL.md","cd49ba670eea38285d402f0ba83d4d1cc7041fb52b82d030d37d0d722e13eac8"
"md","spec-template","bmm","bmm/plan/bmad-spec/assets/spec-template.md","4b3a032c045fdd0903933446fc07f93e879997f28a0294ed4344da71192b20ee"
"md","spec-template","bmm","bmm/ship/bmad-build/spec-template.md","e217325964857ebd90a9508bf171eddc2c4ad1b0b9b32a119775ac5c015695fd"
"md","spec-template","bmm","bmm/ship/bmad-build-auto/spec-template.md","59a046df2773ec05af0688823d17238bfde2bb54c0c3b3eff6acec4856f1eb7a"
"md","spine-template","bmm","bmm/plan/bmad-architecture/assets/spine-template.md","ef4ff795624eb5439fae54a06edb389feb5a0cf79cb01ae007af51109335d198"
"md","status-view","bmm","bmm/plan/bmad-sprint-planning/references/status-view.md","c3547e221ebf6e55c874e2ada3e8c18198835213c76f0bb2e0e64150aac355ab"
"md","step-01-clarify-and-route","bmm","bmm/ship/bmad-build/step-01-clarify-and-route.md","1e8095b08e9e9c57d9b24678b524e07d0b6bbb5af72ba213622f12a1c7d909cc"
"md","step-01-clarify-and-route","bmm","bmm/ship/bmad-build-auto/step-01-clarify-and-route.md","50674ecef3b4b7a26b993685c9a79ccd87b00b2255d51b6b9c13ed32aa6d1ffa"
"md","step-01-gather-context","bmm","bmm/ship/bmad-code-review/steps/step-01-gather-context.md","51941fd52406cf075ac9172cdcbeebefe85df91ea818ad8ec723724de67a1831"
"md","step-01-orientation","bmm","bmm/ship/bmad-walkthrough/step-01-orientation.md","d9e3b949c36d49a025f3535773af2b51888fe4ce616b6d6d69683a122716b1d2"
"md","step-01-validate-prerequisites","bmm","bmm/plan/bmad-create-epics-and-stories/steps/step-01-validate-prerequisites.md","7181608c1ee4e55c084c6627d68fc55a8a0b6917e489f8ac77531a0530428a30"
"md","step-02-design-epics","bmm","bmm/plan/bmad-create-epics-and-stories/steps/step-02-design-epics.md","7c66987808c1f84e853fe54b7aff26d209196d450b5644704110f124a15179bc"
"md","step-02-plan","bmm","bmm/ship/bmad-build/step-02-plan.md","5c999430f818f58fc5e4f64309a1b0f81358ce0ddcfbd3f44b25d56279ef25d8"
"md","step-02-plan","bmm","bmm/ship/bmad-build-auto/step-02-plan.md","a08e303c10f88dbfce88c55044757ec5059afe338793eb414e1ddb0b7c324625"
"md","step-02-review","bmm","bmm/ship/bmad-code-review/steps/step-02-review.md","f2b8e654cf595746656d9861c4ac722f65b02939c53900f4f6d8b24988b2155a"
"md","step-02-walkthrough","bmm","bmm/ship/bmad-walkthrough/step-02-walkthrough.md","66cf893f8f968ee81034e9ccd8c20415692c3a8c23a9a143c2245fe6c800acdc"
"md","step-03-create-stories","bmm","bmm/plan/bmad-create-epics-and-stories/steps/step-03-create-stories.md","c5b787a82e4e49ed9cd9c028321ee1689f32b8cd69d89eea609b37cd3d481afc"
"md","step-03-detail-pass","bmm","bmm/ship/bmad-walkthrough/step-03-detail-pass.md","d48163b9f305f15af57729a8443142e47beb6c3e977554afe12b39ee49cb9fc0"
"md","step-03-implement","bmm","bmm/ship/bmad-build/step-03-implement.md","15fd02d2f655d4102c515134ed6aa40cd055bd9d811e49d529512f8f36d09b03"
"md","step-03-implement","bmm","bmm/ship/bmad-build-auto/step-03-implement.md","0dc9c9634eca148baaec03e7d154840a14101f92492b7ab469625bf13b4e2ab5"
"md","step-03-triage","bmm","bmm/ship/bmad-code-review/steps/step-03-triage.md","337ac3ad2cd8cabb34f4e47c8778cfd703f919753573dd9d708b7218fd5de684"
"md","step-04-final-validation","bmm","bmm/plan/bmad-create-epics-and-stories/steps/step-04-final-validation.md","0440ee43eadb39780f0647c27b2e8af5c153e68c9a33350dc9203bf81f388513"
"md","step-04-present","bmm","bmm/ship/bmad-code-review/steps/step-04-present.md","a9619f7df9b9112c0e42ee71a362f73dfa38ef6dff7b403975dbd6d2480a8d9f"
"md","step-04-review","bmm","bmm/ship/bmad-build/step-04-review.md","f6b3f3fa5d3af0b324db2efee9351d4c348bdc0dfa4dad6c058eb4fd37921333"
"md","step-04-review","bmm","bmm/ship/bmad-build-auto/step-04-review.md","c5530c50c89f197720275b83466b382f896fa27a0bba30d4b75c6af162148cdf"
"md","step-04-testing","bmm","bmm/ship/bmad-walkthrough/step-04-testing.md","28a56e868968ea2d18add0df8c4bccced0f94b698e218df3d45ddac072ce369c"
"md","step-05-present","bmm","bmm/ship/bmad-build/step-05-present.md","551e0847e2ebb64575180a5dacca5786b9b9d7825dcd986e1b3b58442eaf713a"
"md","step-05-wrapup","bmm","bmm/ship/bmad-walkthrough/step-05-wrapup.md","5bfe0f9240ae073f1b5c843d172c11e76cbe6067e8df414ea6a338c81f113f5d"
"md","step-oneshot","bmm","bmm/ship/bmad-build/step-oneshot.md","241fa52e227c048a5d8e4428bef0f153267475f697640899deb218b58ebfd378"
"md","stories-schema","bmm","bmm/plan/bmad-spec/assets/stories-schema.md","4f8137c00e2710288354a4466d1cfb90704f4b2a04bd3b63924218fd589cc6a9"
"md","sync-sprint-status","bmm","bmm/ship/bmad-build/sync-sprint-status.md","7ff44d21f5d813f4993780271eec8df2fce1373f525ff80e595b7c10618c4c36"
"md","team-discussion","bmm","bmm/ship/bmad-retrospective/references/team-discussion.md","a9c504c436038c7e47d08322413aa3c213d2859b36ae30e873cb8c60fd9e008e"
"md","template","bmm","bmm/plan/bmad-project-context/references/template.md","5e2bc291e734a481fd2925877adfbe82b03313f300baf67dfdb6fa22a1181601"
"md","template","bmm","bmm/v6-shims/bmad-create-story/template.md","29ba697368d77e88e88d0e7ac78caf7a78785a7dcfc291082aa96a62948afb67"
"md","validate","bmm","bmm/plan/bmad-prd/references/validate.md","19b2fa66d58cb4fef3d920cd09c81f8add4ee44dd4191bec87eaba84c2093338"
"md","validate","bmm","bmm/plan/bmad-sprint-planning/references/validate.md","ac680fa0a0f945a9bc0fc89ca709b2a8e6bc3b2617cd0d3d730378c4b5edd86d"
"md","validate","bmm","bmm/plan/bmad-ux/references/validate.md","7c2189d9ac1585d9408b6ed0346ba564869e7db89dba8f81044db3431cfcee65"
"md","verdict","bmm","bmm/plan/bmad-prfaq/references/verdict.md","c962ce2c97e824cb53dae70c898153ffac3ea56b56565012ca2b96bb21c9618c"
"md","verification-gap","bmm","bmm/ship/bmad-build/review-prompts/verification-gap.md","45ab0b8c4c56c5c055c97a293a8591a67e256d0b1a2058ce1f093cd866be8d03"
"md","verification-gap","bmm","bmm/ship/bmad-build-auto/review-prompts/verification-gap.md","45ab0b8c4c56c5c055c97a293a8591a67e256d0b1a2058ce1f093cd866be8d03"
"md","verification-gap","bmm","bmm/ship/bmad-code-review/review-prompts/verification-gap.md","06f6184d7d94c808970d0146cdc4585dfd66b94a7b7ab2988277fb6fc4208508"
"md","web-researcher","bmm","bmm/plan/bmad-prfaq/agents/web-researcher.md","6e9127bb9bd3e4b15c701e4ced9eef328769262cd34eadc221bebe954c1f3aef"
"md","workflow","bmm","bmm/ship/bmad-build/workflow.md","481ff00ef349a9c7845feca02bbfd5722b1e318ccabac858355da6c90c2d8a39"
"md","workflow","bmm","bmm/ship/bmad-build-auto/workflow.md","611f429206029a903ec9433ccdfd9b186fbafc6dc95da0a21fbcdf5965ad25ea"
"py","git_evidence","bmm","bmm/ship/bmad-retrospective/scripts/git_evidence.py","6e08688d2943217b61e784c7df3508aa1502d7cecf53ea7cd530944c431c91b6"
"py","lint_spine","bmm","bmm/plan/bmad-architecture/scripts/lint_spine.py","040e0f1c13d31e6a21c518df943d1d7de7b75d8d98a07603b0983f3f3fb500db"
"py","sprint_plan","bmm","bmm/plan/bmad-sprint-planning/scripts/sprint_plan.py","4c30f62c261599fc1da3fd319ea6ce5092aa0332221cedee1763a1040627e6bc"
"py","sprint_status","bmm","bmm/ship/bmad-retrospective/scripts/sprint_status.py","a697eecd53cd9177657aee4cfdb2eab06d7d81f3e855b096cfe0482a74c50ebe"
"py","test_git_evidence","bmm","bmm/ship/bmad-retrospective/scripts/tests/test_git_evidence.py","0abfc8fad338830fc2db656d3ccc500631b0ea7a2ab87d853c13a6bbd46ff13c"
"py","test_lint_spine","bmm","bmm/plan/bmad-architecture/scripts/tests/test_lint_spine.py","e86bb9a62c5cca74ddc89c843386f2b992610fcc1792d40e03bc9cd445b77681"
"py","test_sprint_plan","bmm","bmm/plan/bmad-sprint-planning/scripts/tests/test_sprint_plan.py","f1c3b640e156946b0a234e233807b2a3983cb0d3f2d13dbb9830fbe0c67e5238"
"py","test_sprint_status","bmm","bmm/ship/bmad-retrospective/scripts/tests/test_sprint_status.py","23da16cca54904a256fcf88fd8f912c3f6091ea343768c241bbd2aeebbca2af3"
"toml","customize","bmm","bmm/agents/bmad-agent-analyst/customize.toml","d6e2c5c660e8900866298961266a0b1c189c8643f2c1c9da602101e9f98d3388"
"toml","customize","bmm","bmm/agents/bmad-agent-architect/customize.toml","bd0ebb48faeab1e6f709d0291a13d33003484a597ed2b9c90f221b2345513b06"
"toml","customize","bmm","bmm/agents/bmad-agent-dev/customize.toml","ab52d8840427e10d5956b592c34e63edc77ebdafd7b54ce60da11cf67ed72ced"
"toml","customize","bmm","bmm/agents/bmad-agent-pm/customize.toml","4613c72cfe3bc3143bd50c5732bce464c21c7266fe7dd930bc659c54e7315b39"
"toml","customize","bmm","bmm/agents/bmad-agent-ux-designer/customize.toml","4acd1d9cdbf4a4328c389229ea9e9f2885d0692f8e10e3d9456da45844337c2c"
"toml","customize","bmm","bmm/plan/bmad-architecture/customize.toml","e9c5f75bd6605199f3908d6a1f013d6b42fb12b6f35c9a5e13a44f7f872b7b79"
"toml","customize","bmm","bmm/plan/bmad-create-epics-and-stories/customize.toml","e7633a4e6e33161c7cb13034e5132d9d29f8a7031e75765d16a60724f2089557"
"toml","customize","bmm","bmm/plan/bmad-prd/customize.toml","d23707fe7ff5f5060a05b5b8bda3f170b9b1d9be61e409e9f7ae91f83572db6a"
"toml","customize","bmm","bmm/plan/bmad-prfaq/customize.toml","b764b9ea360734d681115b958d0ccd478f1b56ce0045ecd6f71311ef005d8980"
"toml","customize","bmm","bmm/plan/bmad-product-brief/customize.toml","bef95b0ab71793d214ec59ed7397a25f7253e63fad5d60570248614db6186905"
"toml","customize","bmm","bmm/plan/bmad-project-context/customize.toml","9bf8a3aa919832cd8932853da550fcaebd06a9e13c0cde453f4379d8327f9c0f"
"toml","customize","bmm","bmm/plan/bmad-spec/customize.toml","d0f1f926bed79d514f8fdbc458a1883167fb64663bf2464c40e3c50dc2dcdbea"
"toml","customize","bmm","bmm/plan/bmad-sprint-planning/customize.toml","54c7f6a8af77ff7ea6c9dbb00b515023999e011aabc802b7b328e82f505b0299"
"toml","customize","bmm","bmm/plan/bmad-ux/customize.toml","e85144ed214dc1e002ee7fc6589a0a7ef352c5f79ab4cb37a4e05ee8e245549c"
"toml","customize","bmm","bmm/ship/bmad-build/customize.toml","0ee9b033a40640420d1dc3411de7428146d00bf8c1409c9a9cfe6c1743cd53b9"
"toml","customize","bmm","bmm/ship/bmad-build-auto/customize.toml","31417a8239f213c00621bb9016c3099631ae7ef03731ce5be209a5668a5730ee"
"toml","customize","bmm","bmm/ship/bmad-code-review/customize.toml","282d9483ccb74acab1efb965ce10ebd6206a61da94da245a705a6358dbf0dc2e"
"toml","customize","bmm","bmm/ship/bmad-correct-course/customize.toml","9990c3d4a1aa90a207f7e3380a7a48a5c9c005702194f63c6a959a4b1a18586f"
"toml","customize","bmm","bmm/ship/bmad-qa-generate-e2e-tests/customize.toml","4fbbd9d96e5af24ae012d33e59582b88867e8203dcd5a29f0d46b42ef6d747b8"
"toml","customize","bmm","bmm/ship/bmad-retrospective/customize.toml","33ce7da5bad6dfe1791218d8d607b749f9b58586b232df7ea0d3263ec50ec466"
"toml","customize","bmm","bmm/ship/bmad-walkthrough/customize.toml","2a4b14c5b25729a2d8fa9d9762ab3f12ac9429cfc6bd31fd80a81d86eed98630"
"toml","customize","bmm","bmm/v6-shims/bmad-create-architecture/customize.toml","78846362bbfb692c79c4c65902e3ff6f965eed388bc11001b8565fd3af5811bc"
"toml","customize","bmm","bmm/v6-shims/bmad-create-prd/customize.toml","a88606870e95c0f537542fa685a86ec414f62a66b21577c7c35718c904d9507d"
"toml","customize","bmm","bmm/v6-shims/bmad-create-story/customize.toml","b097b92a5a3f6e9f8d3c0a0c4d7a5377b14fe52e59926b6e91696c4d58f4dfde"
"toml","customize","bmm","bmm/v6-shims/bmad-dev-story/customize.toml","f984ba996bf5f777b79340811381a8e7b217f6523bebbd42aec3164769ee8ae9"
"toml","customize","bmm","bmm/v6-shims/bmad-edit-prd/customize.toml","17b3a9ec376f655653d9eec209763a6e4345353d6c1845409e22bd8c113e0983"
"toml","customize","bmm","bmm/v6-shims/bmad-sprint-status/customize.toml","2b038bb1382c396f60c207f5811645a69f6996b607cc70bee78943076d48a2ba"
"toml","customize","bmm","bmm/v6-shims/bmad-validate-prd/customize.toml","06a88beaafc7ac2ef75d1da0dd87d7736e386e3309f7af662568d5bcc60a401a"
"yaml","config","bmm","bmm/config.yaml","c608f4049b4d169db7a907567afc0a5120fdaf3dda8fb91df07536644a57b378"
"yaml","sprint-status-template","bmm","bmm/plan/bmad-sprint-planning/sprint-status-template.yaml","64b1a937e1fe03b8b8d158e3b1caeb89e7d51692a56c16038e2af091decc553a"
"yaml","sprint-status-template","bmm","bmm/ship/bmad-retrospective/scripts/tests/fixtures/sprint-status-template.yaml","64b1a937e1fe03b8b8d158e3b1caeb89e7d51692a56c16038e2af091decc553a"
"toml","config","config.toml","config.toml","16540e4fecb2515b74e27009e047e640457dbb04dfe4e10197bf27cc1dc2c331"
"toml","config.user","config.user.toml","config.user.toml","596a603ee988eda92262bf449b0eb13132a101148c28ad6347bb8d71d27905cf"
"csv","brain-methods","core","core/bmad-brainstorming/assets/brain-methods.csv","fff112eabca1a9cb8b190f8314bc47678becc5782a2372e11c83daa0e33b6dfd"
"csv","methods","core","core/bmad-advanced-elicitation/assets/methods.csv","d110ff5f076fb9421552b83692fde2c2d367734049169c7a55f7267a3dc7ef89"
"csv","module-help","core","core/module-help.csv","38846d71f87159345d6a6256a170c142fb3f53d9cf9c258c9ee6f26bd88a86c7"
"html","brain-selector","core","core/bmad-brainstorming/assets/brain-selector.html","c110919a3366bd96061f050f98503e3586185e3d1df5ff8b62a5a046c571a436"
"json","brain-icons","core","core/bmad-brainstorming/assets/brain-icons.json","a101c56e89f1d0f9e4131dfdfc19e10c746e3a61c3f92537d04a6f4897b7d331"
"md","academic-lit","core","core/bmad-deep-recon/types/academic-lit.md","514b0b7b1184cb95363dedeb0c2298a9bf5c430c74146fe2114f31780fadb325"
"md","competitive","core","core/bmad-deep-recon/types/competitive.md","39b53df87d295fdc4388719fcdf31ad2221e64afc136e669207f46d2727a3aec"
"md","converge","core","core/bmad-brainstorming/references/converge.md","1528c32ddc64f8061fec663306f7208d2fd4d4a90e660552b8138bda7e452dc0"
"md","create-party","core","core/bmad-party-mode/references/create-party.md","fb516cf4e66b2c94519b9bb80cf7bd966fee285549c773b402400bff664a2aab"
"md","domain","core","core/bmad-deep-recon/types/domain.md","3a34b2e62c3589f8c8d01158357ee9fba32648c9fdfe70035bb3ca971862896b"
"md","draft","core","core/bmad-deep-recon/references/draft.md","ac19b33a00ca529c3281df6076f87a833a3b11fc30915ca2c6e7590f7986b90e"
"md","editorial-common","core","core/bmad-review/references/editorial-common.md","f0cdc72ea345b2c5dc3001477b3dfcc909ca11b78f7db8865b6763d18ffc66c8"
"md","finalize","core","core/bmad-brainstorming/references/finalize.md","b6074e7fb4d86ffcf899abc50b9049b4a1f6fe550917f4be7a1c7a888477e07e"
"md","finalize","core","core/bmad-deep-recon/references/finalize.md","d2ba4bee615dfbca6e7725179fb5ebd856dd34a54ba3f306e25255dfd7b1d126"
"md","headless","core","core/bmad-brainstorming/references/headless.md","b8ea5951199cff7e4813e06aef35683ca0658230fa015e358cacc466b1138a42"
"md","html-briefing","core","core/bmad-deep-recon/references/html-briefing.md","cd3a88c1a5505fa7f1b715afc3adb34f3d64ade66f4c6b49a59f7e8cfcbe38d4"
"md","in-chat-techniques","core","core/bmad-brainstorming/references/in-chat-techniques.md","18239464e3e4f00ea9063d015d26d6b0a696b72e7e3c5be92352da6db9a3f244"
"md","lens-adversarial","core","core/bmad-review/references/lens-adversarial.md","7c5ce97ab2f3ecb96ceb6aa76417f68c1b7df535edd3cc51666d8e1216e6e557"
"md","lens-edge-case-hunter","core","core/bmad-review/references/lens-edge-case-hunter.md","5f0c4778d7b393d11156af8c1bd9bf88aafeb9d50fff5f460ca67df50d927e7d"
"md","lens-prose","core","core/bmad-review/references/lens-prose.md","4cbcb1eaea8567d272f5db7c6cdfd74ed5a8aae6831053cb2f01cbfc2cb98b98"
"md","lens-structure","core","core/bmad-review/references/lens-structure.md","98c08221f517133e57ef6325013935360c3365ebd7dcb8411b2050d7df507ee3"
"md","lens-verification-gap","core","core/bmad-review/references/lens-verification-gap.md","e7123d81171eeeee1b3782d13d94c2988969fe357dd71949131a5eb97803e2c6"
"md","lifecycle","core","core/bmad-deep-recon/references/lifecycle.md","2315fd9cb9223504639616b861ad593bfecb53d605efbd598ae2cf94fb6c4cdf"
"md","market","core","core/bmad-deep-recon/types/market.md","81ac04499da441857672e29fcd7169436a7e239e67194288ac0d526ec514cb5e"
"md","mode-agent-team","core","core/bmad-party-mode/references/mode-agent-team.md","def759a17f4bb45463b68fb74c2b828b0a4241720b2b6cc1c9c611a1016ae9d7"
"md","mode-auto","core","core/bmad-party-mode/references/mode-auto.md","a37fd24f76dfcde385890d5c5947bb6f40ca44bea86c805d267b6ae3aab39f70"
"md","mode-autonomous","core","core/bmad-brainstorming/references/mode-autonomous.md","d815d2c7f0f8cc0cdfa7c619eaf61f59fd78142f13c69365eda257da38b97bdf"
"md","mode-facilitator","core","core/bmad-brainstorming/references/mode-facilitator.md","1b908498d285d190859aed00c3ba5b399d7f6aa8e94d54e95456d15cd6fe6073"
"md","mode-partner","core","core/bmad-brainstorming/references/mode-partner.md","caa0ed378c116def4de382f4e5a95173c6ae6cc5464f1792e7d8196360f79c8a"
"md","mode-subagent","core","core/bmad-party-mode/references/mode-subagent.md","86161b24a0b13b8f9cb9309042e4249d8caefff8cc33728b084cd2ec22f9d2e1"
"md","party-memory","core","core/bmad-party-mode/references/party-memory.md","800b4b4b920bb881a7b32aaabca8559a98273799b2476d83a23e290e301fb315"
"md","process","core","core/bmad-deep-recon/references/process.md","9017d04774807a29103ea97331e555e2793f90098af65752b72f3ee09df85906"
"md","README","core","core/v6-shims/README.md","017900bb03baeddc0262041a6aa85bce744e8c45991dcde32ef042f9bc2a32b2"
"md","research.template","core","core/bmad-deep-recon/assets/research.template.md","87d7cfa85fa5036b5a309b7bfb88f7934f50bb81f3cff02d2b49b4c7345cfc38"
"md","resume","core","core/bmad-brainstorming/references/resume.md","0f79535d72eefe6c55bd5ae47fe4753de8d27235cf129f10b2c596a124c26526"
"md","run","core","core/bmad-deep-recon/references/run.md","8e259dc88820ac989c79620af5c37e24f00df21ac4af308ce3563c0e66c9406c"
"md","selection","core","core/bmad-deep-recon/references/selection.md","2b488c08f9550afe7fda32c2dc5d4591927afd7b9ad507fcce0ae8593c4b9d31"
"md","SKILL","core","core/bmad-advanced-elicitation/SKILL.md","d38cb53f1c7c77f13664c340026a1a4932ae1ca5a24471eebaeb172b88c7942f"
"md","SKILL","core","core/bmad-brainstorming/SKILL.md","2657a2088329651fd06f030e61997fc9f21986588d65ce96f14043af14d8534e"
"md","SKILL","core","core/bmad-customize/SKILL.md","ef42ffe69d1758ee12f22d6c143262926f715dd13fecb874c8a5971916d41598"
"md","SKILL","core","core/bmad-deep-recon/SKILL.md","e6de27d7c037e2951c5684d976186f6772cc724279af4b3cac05e21c42156db5"
"md","SKILL","core","core/bmad-forge-idea/SKILL.md","e44d0008db0c0b30f3fa533e987efe66b2c852530b70fed03f0d4d9cbabe2b4b"
"md","SKILL","core","core/bmad-help/SKILL.md","72573fbbd205cab6119015b7a20951055c7f1f583162674ebed7a68368dc889c"
"md","SKILL","core","core/bmad-party-mode/SKILL.md","7bf82a11627595762244c969cdcc836869c935c5aa99a7c5ec5657581c1f4dd0"
"md","SKILL","core","core/bmad-review/SKILL.md","c571dd7d3aa75f3b40749cf9db352c5e76244de22139cfb13c26629d28be1fa7"
"md","SKILL","core","core/v6-shims/bmad-editorial-review/SKILL.md","9680a256a5f1692940812f377e58c2908390370a20a6d20d59ceb1145a3c1cff"
"md","SKILL","core","core/v6-shims/bmad-editorial-review-prose/SKILL.md","967a60cf24c920a058583c7b40281a0be2fd38d1c7f9255e029e276fe8e4a2be"
"md","SKILL","core","core/v6-shims/bmad-editorial-review-structure/SKILL.md","d3280d83959f1103d13303e8df674264ce85c33556e6b0d761b901a66ea05a49"
"md","SKILL","core","core/v6-shims/bmad-review-adversarial-general/SKILL.md","30b57f12c6c527f5bcf8cf649eb53ece4b809b140eb4d66cf495e30dfa6f6a31"
"md","SKILL","core","core/v6-shims/bmad-review-edge-case-hunter/SKILL.md","4c7bdf0e1f00278468b7e9cd7f28658067d35902479ed7f1f85718d17abbaaac"
"md","SKILL","core","core/v6-shims/bmad-review-verification-gap/SKILL.md","0e0575d6c0d8de4a6f2035347e2a80f81a33f7e395c6d59ade723e7356b73d89"
"md","structure-models","core","core/bmad-review/references/structure-models.md","f84f85070e1af75f2482757aba9d37d69d805a20826d185527e598f2ba6b9292"
"md","synthesis","core","core/bmad-deep-recon/references/synthesis.md","4d9ef1247ab45241f919010e94c99699abc0a6e18b5bd68fa93ae54afe59d172"
"md","technical","core","core/bmad-deep-recon/types/technical.md","55f71428c70547b89d67ef0c6cdad59caeb0ee21082cd1230c05618ba8d04707"
"md","user-voice","core","core/bmad-deep-recon/types/user-voice.md","1831ce46e53e8c68244d28e336c5ef9e53e64f21a00b74a817b9b2924c1e8e72"
"md","verification","core","core/bmad-deep-recon/references/verification.md","0393ded4828fec69a4819d7236827910d641d09c3b61144c0211a9a78776fdd2"
"py","brain","core","core/bmad-brainstorming/scripts/brain.py","f81b28fe590f607b95c7218a7cdd6fb6eb91d3a76b9671acf54bcaf36fd4e6ca"
"py","list_customizable_skills","core","core/bmad-customize/scripts/list_customizable_skills.py","8787f542930b927789e7fdf12bc5a67ff08e19865903a5ad05ff2cc8fc426b66"
"py","pick_methods","core","core/bmad-advanced-elicitation/scripts/pick_methods.py","60020ec4767894ea3d8707c4b61e78b679d434315be1dd29154bf64d88126fff"
"py","recon_kit","core","core/bmad-deep-recon/scripts/recon_kit.py","8cb5187b5114b779532907383a013d40fdea1022bb9bed9a23bd8d0fdfa79e8c"
"py","resolve_party","core","core/bmad-party-mode/scripts/resolve_party.py","349d911a194d844e6d885ba8afd9296d7dba6dc87b4071534b31da17ae8ab796"
"py","resolve_personas","core","core/bmad-forge-idea/scripts/resolve_personas.py","9273c71595d6317e0a1035b1a632a47a8943379797d0a4db0d2842e5787c31cc"
"py","test_brain","core","core/bmad-brainstorming/scripts/tests/test_brain.py","b219da8e5e3ccd4ebae95fb02bc5683d6b62593d71db75a712adc7a1b9017bc3"
"py","test_list_customizable_skills","core","core/bmad-customize/scripts/tests/test_list_customizable_skills.py","24c3d384b3b5d490b7335c17866bfe0425af253ce669c32382fa88feb705934d"
"py","test_pick_methods","core","core/bmad-advanced-elicitation/scripts/tests/test_pick_methods.py","610099d8494529f9203d7262567810b500552bcef006b3b6388d58da3da71978"
"py","test_recon_kit","core","core/bmad-deep-recon/scripts/tests/test_recon_kit.py","1b4ddf482dd2d11a214ee2f821c35d7a8c41905b5d8d9cc69a293304bb8a1665"
"py","test_resolve_party","core","core/bmad-party-mode/scripts/tests/test_resolve_party.py","9cc25d2bff884f08517abfbebb7054d43804dc48e650c5c5f7c0618ce231413f"
"py","test_resolve_personas","core","core/bmad-forge-idea/scripts/tests/test_resolve_personas.py","f8d040801d53e48c1aec147d1e28c5b279e459f49ea1fd1673dbd7e340022a99"
"py","test_word_metrics","core","core/bmad-review/scripts/tests/test_word_metrics.py","3b5a285d3c9f611b3cda8c9c1d52d6b214c1f72e6e64a94ea5b0e220db5a8765"
"py","word_metrics","core","core/bmad-review/scripts/word_metrics.py","fb45007a7f3cfc18d13ee8bd4787facdaae297570193bc769456297dd33da78b"
"toml","customize","core","core/bmad-advanced-elicitation/customize.toml","735a276edd51786ccfd2c3417d9a2b9dee4244a6102698981b3888f68d979ed9"
"toml","customize","core","core/bmad-brainstorming/customize.toml","313c3b348473cd40ba02ceae4b299c617300af78debb2f5585c8d3941cc2d8d3"
"toml","customize","core","core/bmad-deep-recon/customize.toml","24d1383066034fd4fcf282279aaf0d29d21910fd1247dfe3dbad74a70e78814d"
"toml","customize","core","core/bmad-forge-idea/customize.toml","839f57b89c8b04038fa795525f55799ee5c23431b17d429fe668880e78399ef2"
"toml","customize","core","core/bmad-party-mode/customize.toml","332aca1a85a681ff38a78850deb552e954d6a7d0b32f8d22caf9b2b2324b4e24"
"toml","customize","core","core/bmad-review/customize.toml","005dde84f09c0b1ab0ef0ee87f1ed1985922c893089cc3595157611fb83b3ebd"
"toml","customize","core","core/v6-shims/bmad-editorial-review/customize.toml","a5c5fed539e6543121e57cc29bb65559bb6391efc806bf8759c8e29697a94a34"
"yaml","config","core","core/config.yaml","a47bd47e8229ff1270baee11cb0957594dd695c86269f1b7f9e01b90089f469f"
"file",".gitignore","render","render/.gitignore","240a3e0d37d2e86b614063f5347eb02d4f99ca6c254de6b82871ff8d95532a7d"
"py","config_utils","scripts","scripts/config_utils.py","48afe2bc18a29201e343cce3703be1e70df9c83ee74eeb68e57ef8ef42e8c651"
"py","memlog","scripts","scripts/memlog.py","3b00f82ca33dc4227f715123b939514ee35c4f9c71150c894c3d8185df1b48df"
"py","render_skill","scripts","scripts/render_skill.py","8496d0d8b449d64c21b42a9aab3b13fc8a813a430c0695ffd84ad75bb1da7942"
"py","resolve_config","scripts","scripts/resolve_config.py","70d7577396ed40ab9462ab75dce51f852bc2e094b2d1a054214f1b30c8789768"
"py","resolve_customization","scripts","scripts/resolve_customization.py","c95aab9f2dc500d6ab7db77d6a7860028701ce414e03690613a282cc3659d284"
"csv","module-help","skf","skf/module-help.csv","442ee7cb149fe398a4bc7d8c11b22e40f2f038072a5e79cd7c5d890b138ee8b9"
"md","analysis-report-template","skf","skf/skf-analyze-source/templates/analysis-report-template.md","f1997015c389679ae4aad63e30d45c4ed723fd277dd92a850e91ebf59df3bac6"
"md","analyze-target","skf","skf/skf-brief-skill/references/analyze-target.md","f0f930f0035c77c2e175a89051569312499d246ad5022873497e719150c999e1"
"md","authoritative-files-protocol","skf","skf/skf-create-skill/references/authoritative-files-protocol.md","ab78141049b586ca1c85d1b3c7bb602114e1c3461ec67c2928668dc116eed36e"
"md","auto-docs-only","skf","skf/skf-analyze-source/references/auto-docs-only.md","ea7e481d5fe78dc5ed8bd118609819aafc47f7b30e5cab98d8410a3d8f6ab667"
"md","auto-index","skf","skf/skf-setup/references/auto-index.md","9ad9a6cc1b198e40a4f820289897ad9b43adc239ba5e00ea0eec64efc84e00b2"
"md","batch-mode","skf","skf/skf-quick-skill/references/batch-mode.md","7ba583fb9666699c40c8a516a37cfc58a4b1cedcd3c544c47141181e6f2c6122"
"md","ccc-discover","skf","skf/skf-create-skill/references/sub/ccc-discover.md","8d79154a808bfd1487decb193a6d01fc10f7fe5964a0e6f78aaead5e795353cb"
"md","ccc-index","skf","skf/skf-setup/references/ccc-index.md","4748508f65b44edd87e31ce4a2b5a02456c68523de7a5ee5f8431b683bb60d41"
"md","coherence-check","skf","skf/skf-test-skill/references/coherence-check.md","f78de05c0c67f5e7939568ce5235b570a6dcd351def3f97f893459effd239c94"
"md","compile","skf","skf/skf-create-skill/references/compile.md","750e469f8872a41136d4fe96cb5fd9ecea5e5114f8a0feb21bd86f221b839eb6"
"md","compile","skf","skf/skf-quick-skill/references/compile.md","7a47cc31cc146b9a44a417285b75aec939393f038d2c6ddcc032a095535c4b3b"
"md","compile","skf","skf/skf-refine-architecture/references/compile.md","ffb4be7a6db88d4adc3137f8726695adc3b14eca9c41a86c3da3020b0199c75c"
"md","compile-assembly-rules","skf","skf/skf-create-skill/assets/compile-assembly-rules.md","2612331d679bbc015bb30eabd1e090179a348c9cbaa23bfc912dae23bbc88ca2"
"md","compile-stack","skf","skf/skf-create-stack-skill/references/compile-stack.md","12768ec3b188304180bf5d25a19cb367320e2eeb0a32d241cb75085379e5c94f"
"md","component-extraction","skf","skf/skf-create-skill/references/component-extraction.md","b86de9acecd764efc3258d1607fc905ad3aedc50957f0f5e29a9d83bb291987a"
"md","compose-mode-rules","skf","skf/skf-create-stack-skill/references/compose-mode-rules.md","5f7aa367eaf5ee55db7089ff1608094771cc543061357424ca060209d0df79f4"
"md","confirm-brief","skf","skf/skf-brief-skill/references/confirm-brief.md","222cf0e905e5c6c027ecf25451b52de072069e0fd2782ba20885ffa9cdc4aca4"
"md","continue","skf","skf/skf-analyze-source/references/continue.md","7260e58e259b1d78dfd1ef428b3751535a2bb76ae238f174c634f7e5d8b7a1b9"
"md","coverage","skf","skf/skf-verify-stack/references/coverage.md","4be95177aadf484de513d3dfdc3cc7a738e7af4dcd7bba5e9f467affdec4164d"
"md","coverage-check","skf","skf/skf-test-skill/references/coverage-check.md","7f2d7efe4edb46dfd124a43ba9aab38423de69f5334a1606a6db8723bd08210c"
"md","coverage-patterns","skf","skf/skf-verify-stack/references/coverage-patterns.md","5809590bb6f236006190413e30a6d58c1345ad8ac5488d2598de10a7caea201b"
"md","description-voice-examples","skf","skf/skf-brief-skill/assets/description-voice-examples.md","abfb2ab582f8ffee50a84df8e2e3e4e45c9a7445f6c29434de9371fe93455808"
"md","detect-and-tier","skf","skf/skf-setup/references/detect-and-tier.md","0698956cccf0758106fb5509d78884dd7b47ea74db27a2211a6a8b16d5fe26ba"
"md","detect-changes","skf","skf/skf-update-skill/references/detect-changes.md","49765e6b33c872d34dfc09eaf75d03ca1a915dd3a1efe664d756db0ab9f439d5"
"md","detect-integrations","skf","skf/skf-create-stack-skill/references/detect-integrations.md","3b3ed9c994c769dc46fd96a811117a1a810b4b952931a87ac4b203d1570294b9"
"md","detect-manifests","skf","skf/skf-create-stack-skill/references/detect-manifests.md","14ca0426296d3feba7eb7b69a8e6c5239685a25c47de963b9617ca1450c89513"
"md","detect-mode","skf","skf/skf-test-skill/references/detect-mode.md","7fdb0926da9be062d9cb014fbad0db7e7964eebf5aa78485b4b948f30d02dba3"
"md","draft-checkpoint","skf","skf/skf-brief-skill/references/draft-checkpoint.md","9076110f5eec2d27062a0777aea7a6dc8d365ee13fbe5dee5f5e0557be09f97f"
"md","drift-report-template","skf","skf/skf-audit-skill/assets/drift-report-template.md","0f5867cdbd4d79c58feb48a6a15264e84fb061226a0d5b23eb9d470f947671e9"
"md","ecosystem-check","skf","skf/skf-create-skill/references/ecosystem-check.md","31deff0341dd55b1e0dea45dc2d2e798c757455dc48b4f1b3846e8254abe7ff5"
"md","ecosystem-check","skf","skf/skf-quick-skill/references/ecosystem-check.md","54c90125917c15221844b794c847d1efa9663602f8c0e8b6812412b4da3fbcc5"
"md","enrich","skf","skf/skf-create-skill/references/enrich.md","f00d8b59855b29f79d095cb1070cf3e7104feb3dbed6fd10d8b238cd5aba3ff1"
"md","execute","skf","skf/skf-rename-skill/references/execute.md","933249934d5358b373d0c01c92937b6cef5013b6a396b3fdf4f683dd111cd35c"
"md","execute","skf","skf/skf-drop-skill/references/execute.md","5b273db10370d8c8346ac4b54b436963dddf43c40859b9272c57931d47130e67"
"md","exit-codes","skf","skf/skf-rename-skill/references/exit-codes.md","75d11d43eaab537922494dc232a9bf69a7868bdb1a702075bd94949b7c075732"
"md","exit-codes","skf","skf/skf-verify-stack/references/exit-codes.md","b34de16dc72dc79ac5c11fadd4a109cb8383764c299f28d2ebbfaeaf2212dda9"
"md","external-validators","skf","skf/skf-test-skill/references/external-validators.md","5dbe4868541e34f4b73ac76ded79125e31a4b57b3df1ee1f005fc6684083071a"
"md","extract","skf","skf/skf-create-skill/references/extract.md","c7117e9562582f8b23f0114863126afb78e9c518c80ae5e454a7cc69221ba87a"
"md","extraction-patterns","skf","skf/skf-create-skill/references/extraction-patterns.md","f437898f99e555a6641d4b75c2b430c14be88b0488f3267054bfd6a1cd368c86"
"md","extraction-patterns-tracing","skf","skf/skf-create-skill/references/extraction-patterns-tracing.md","fa78cf00d9e4c0bda6c5d79082acbd4d0695b1b92a4019969c3446b2f36fc950"
"md","feasibility-report-template","skf","skf/skf-verify-stack/assets/feasibility-report-template.md","32740c3244f91ed9cbfb1704d1730c4897f642cfe1e937a7acce338d1932fb13"
"md","fetch-docs","skf","skf/skf-create-skill/references/sub/fetch-docs.md","5e2f2db73d1d216b2efe28e3afea10b08d1109377ed5e4180fffd2e60b695aff"
"md","fetch-temporal","skf","skf/skf-create-skill/references/sub/fetch-temporal.md","470aec76182df3228eedf6fb016d5b2e7709f037c73f84063ec7ebdd04e7b9c2"
"md","finalize","skf","skf/skf-quick-skill/references/finalize.md","ea8588c4bcbd2e5bd46167f58578eaa7fe65d3344ac88a530b1c114068f96d7b"
"md","gap-analysis","skf","skf/skf-refine-architecture/references/gap-analysis.md","08f0cd3edecd8593ca9fdde1a6e8b969100e2c863ac746d86ad9bf8ab6f3e37d"
"md","gather-intent","skf","skf/skf-brief-skill/references/gather-intent.md","aab7e8e4301924484798c3133d7615753fc78f57c46012f46bb37432e9c504d5"
"md","generate-artifacts","skf","skf/skf-create-skill/references/generate-artifacts.md","da030201d609051d51e881fc68b9bac2a2cc6388bd11e5d4727d92973caaddaf"
"md","generate-briefs","skf","skf/skf-analyze-source/references/generate-briefs.md","032ae05a3275317cd99b9fc8814d1bfb56200202ce2b7c10babc5bd27a8fdbd6"
"md","generate-output","skf","skf/skf-create-stack-skill/references/generate-output.md","6da7882f1ce91d8d612756bfcc92e6ce751c4ecda6d2834f4b08676fe56d9308"
"md","generate-snippet","skf","skf/skf-export-skill/references/generate-snippet.md","af1982918f6ed97d9c9a35e800cd908c0c91383acafd7bbf6408d61c8b8b435c"
"md","halt-contract","skf","skf/skf-quick-skill/references/halt-contract.md","083e6f0305423c7ed359d849ce336217bf5572d532eb3f98c91ef4324a825701"
"md","headless-args","skf","skf/skf-brief-skill/references/headless-args.md","0716dd3399fe66d5377421e709dab581ae45ee41b4d71258e7333dc47244f124"
"md","headless-contract","skf","skf/skf-analyze-source/references/headless-contract.md","9a97dad2970d3bb0080aa58639515acbd53c9561ddaab96aef6b047e811df588"
"md","headless-contract","skf","skf/skf-drop-skill/references/headless-contract.md","e99e20b964b058ed04fcabed16c45f7c67e7df31ab5155462c7508ad8fcb90c1"
"md","headless-source-authority-detection","skf","skf/skf-brief-skill/references/headless-source-authority-detection.md","a6303c0dd9f82389783b94858f2f35b03820b3a39ebc5af99d0569a607e4a270"
"md","health-check","skf","skf/skf-setup/references/health-check.md","0ee361bfe31cc0c5db282f960ed4f8d1ece6dbf5dd2f9c259c39a6ceb15af9f3"
"md","health-check","skf","skf/skf-analyze-source/references/health-check.md","210813113a4f2bdd37033966557429384c59f5a483744296ae50b0fadd9c27a9"
"md","health-check","skf","skf/skf-brief-skill/references/health-check.md","71bf467de075f7e1c0c433a1d20f848597b1bf6517fadd0013485bce0e70c500"
"md","health-check","skf","skf/skf-create-skill/references/health-check.md","b5a264eb498485a1807f305f783fac537dc071ff2be332b2a8fec66c1655c674"
"md","health-check","skf","skf/skf-quick-skill/references/health-check.md","7646323aa8076a8280d8531057f61a4868e749adc1063281336ec871c5d3c7c1"
"md","health-check","skf","skf/skf-create-stack-skill/references/health-check.md","31ac26f3bcbbb90df42b36be637b5c8e0de716d67a31e4926fa0941f5a1b13f6"
"md","health-check","skf","skf/skf-update-skill/references/health-check.md","284fca8e4d3743af3a7b8b482d5877c98e1c9af91c30a87b1a0378428c71f0d8"
"md","health-check","skf","skf/skf-audit-skill/references/health-check.md","bf51740eeac63a7dda37e7398e3bde9558b99b075672f3d7e8fa73a166345225"
"md","health-check","skf","skf/skf-test-skill/references/health-check.md","5ac24b8f099bae72ab71a22aac8c3d93983145dd8962176eb8bf30350e885650"
"md","health-check","skf","skf/skf-export-skill/references/health-check.md","a26b1fd2cb8f89538d7c3cb34cf6706f8f5a57569a5cf190ae35bf9d3dca6049"
"md","health-check","skf","skf/skf-rename-skill/references/health-check.md","ed1d0700435b531ad32af969fde7ecb9184d7e173fb8f255b731b9a31631bc26"
"md","health-check","skf","skf/skf-drop-skill/references/health-check.md","168ef0ceaf9b6f50c07b33085192ad4d255a0f6570fbbd7adb81ce229efea31a"
"md","health-check","skf","skf/skf-verify-stack/references/health-check.md","dd5f6300e651fb099d97fc2bd0b6f9f64dc8c828d51813ab9e5aecd79b57a4af"
"md","health-check","skf","skf/skf-refine-architecture/references/health-check.md","950856ec0cc8a45aa0c7c2571d2653d7870a0bb85129202d8e52f4f713d9b4f2"
"md","identify-units","skf","skf/skf-analyze-source/references/identify-units.md","babb00f6c7084d6dd30dd1300cb07180d188a18c56ee259e54560c4acb0fb224"
"md","improvements","skf","skf/skf-refine-architecture/references/improvements.md","8a7cb74444909476ff802fae98350fecc15e93df036d95df4aa12a751ba078e1"
"md","init","skf","skf/skf-analyze-source/references/init.md","17a6fcc1f29af518cb63f1a8cf8fc5ddc8866ed35eef7488ba7130036208ea35"
"md","init","skf","skf/skf-create-stack-skill/references/init.md","527b4eaf809c789a54923fa8dcc8f7bd93dc97566d0bf63758e3b5d60e8afb0e"
"md","init","skf","skf/skf-update-skill/references/init.md","094869d6d250c3d81f7737f683427c9dc558c72ddd23a69c11302a6a2ef59043"
"md","init","skf","skf/skf-audit-skill/references/init.md","4864c316657abf1fc9ca9f78a8968bfd561f97bdd59d7a8593c8c12153fdf2a1"
"md","init","skf","skf/skf-test-skill/references/init.md","fd21989437ef8ea836007c24e7793551436ca84adbdba1ab025c41ddbd98a246"
"md","init","skf","skf/skf-verify-stack/references/init.md","c3a4985f8d7ddb823e27e6ae43dcdae03a07b22b22161e5e2a54848d4933a42f"
"md","init","skf","skf/skf-refine-architecture/references/init.md","3f10e4bd0815163a20c39166b7be64d989a0c0bfe62fa578a59cafb6786b2527"
"md","integration-patterns","skf","skf/skf-create-stack-skill/references/integration-patterns.md","cd06a47362bd2194999d47fa6547c09796e2f68f8978cae47d6e542e82dc652a"
"md","integration-verification-rules","skf","skf/skf-verify-stack/references/integration-verification-rules.md","4bfda4a8b5aaed411ec033af2e9b574721089d5920b82f6cee42c34100be7217"
"md","integrations","skf","skf/skf-verify-stack/references/integrations.md","a3c2f14f81f7dec86a1c025c38f5bfd2b4c2ef6acea2cb7ab4556352e8eebf32"
"md","invocation-contract","skf","skf/skf-brief-skill/references/invocation-contract.md","620bc45b864fbf1c4c9fd53909924f0132248e378a3f0b87d4a3d321da01913a"
"md","issue-detection","skf","skf/skf-refine-architecture/references/issue-detection.md","90c5a53bd05eac09566d600109a2cbf344515f9a5bc2a722e29d101ab1ed89b7"
"md","load-brief","skf","skf/skf-create-skill/references/load-brief.md","cef7045d88df6d79464638fe24de14bd4bedadac7195e4d78ac7b6ec0d2664b9"
"md","load-skill","skf","skf/skf-export-skill/references/load-skill.md","286c21e05b360446e48f3b53d8a15bd92f94307b63180bcba06db258e8735d4a"
"md","managed-section-format","skf","skf/skf-export-skill/assets/managed-section-format.md","9e6d7669ca60b518f35bad4cc0a4298bf777903068a5e1da86a1535eb1a3f54b"
"md","manifest-patterns","skf","skf/skf-create-stack-skill/references/manifest-patterns.md","f0a12611eaab1e3eda241770c3a39f38b706f8450f5e20e92861cdbafdeed6a1"
"md","manifest-rebuild","skf","skf/skf-export-skill/references/manifest-rebuild.md","666b09df6988b019708d95185cc71e2533681ef7fdc172ede7653e52de22e589"
"md","manual-section-rules","skf","skf/skf-update-skill/references/manual-section-rules.md","0134cf9a593c3f8e12278cdd40539ab5923b0a44537fadb8094f28b44bed8e34"
"md","map-and-detect","skf","skf/skf-analyze-source/references/map-and-detect.md","7cae6a2f6b20764bb9b078928e7b03f42915e3563556cb55bf28556c4c38cb3e"
"md","merge","skf","skf/skf-update-skill/references/merge.md","857198f2893b2192448274ec71877f687e87336697dea15ea3be73556671540e"
"md","merge-conflict-rules","skf","skf/skf-update-skill/references/merge-conflict-rules.md","d5523a7672e328f55fb439626749bdddef898705b1ed4c1257b4107db0b575ce"
"md","migration-section-rules","skf","skf/skf-test-skill/references/migration-section-rules.md","6126e0bb03d7e2b475a286406dce8ece7f6009ac6b8c71e8e0a3a504c8fc6e1c"
"md","multi-skill-mode","skf","skf/skf-export-skill/references/multi-skill-mode.md","7afd0e9b9c4dbdedca31f1b36b4b0d6eb62548f6cb1d75750a8e85454e783af4"
"md","orphan-context-detection","skf","skf/skf-export-skill/references/orphan-context-detection.md","568450d1fdb712f34b6212ea1f9e1b5557ddbbac6779f466dc1f47ea67474c94"
"md","orphan-row-detection","skf","skf/skf-export-skill/references/orphan-row-detection.md","4955901b52a79f3cd64992875c2eec52830d3ba272cf2ee280ec86b890fb8fff"
"md","output-section-formats","skf","skf/skf-test-skill/assets/output-section-formats.md","6dc9a8d068fd70a78b9cde694e3b56b9596186a21c6adb3e3e00f8ce3dc3b66b"
"md","package","skf","skf/skf-export-skill/references/package.md","1c2043cc2d08fead86ab4c8d5bf3d429fa3c2113ee0ce13d3b425bd79dbd199e"
"md","parallel-extract","skf","skf/skf-create-stack-skill/references/parallel-extract.md","b52aae89e9075d34b5ac79a3c2236bd4f2bc2bb58735b720f539491497ecc4a9"
"md","pipeline-mode","skf","skf/skf-forger/references/pipeline-mode.md","b2f394a69a395783ea219a692f6a3f4ff60dcc9905f3f2df7a405b10e64b53fa"
"md","portfolio-similarity-check","skf","skf/skf-brief-skill/references/portfolio-similarity-check.md","a53deafe2ca4348c8053225ad661bc2e58e706d4e9161147a74f2905e49b131e"
"md","preflight-snippet-root-probe","skf","skf/skf-export-skill/references/preflight-snippet-root-probe.md","f45baaf355907d02d120ac825118f06a104c2775b419c533841174ce132a8d83"
"md","provenance-map-schema","skf","skf/skf-create-stack-skill/assets/provenance-map-schema.md","0aa0503d19c6e887ed572a1e838eb5521077e94e2a7c8b2c57304e6abac7d57e"
"md","qmd-collection-registration","skf","skf/skf-brief-skill/references/qmd-collection-registration.md","04a025da423a5ab1642f419912fd42f5a02391992d6bb2d20aee82a2dbd44301"
"md","quick-extract","skf","skf/skf-quick-skill/references/quick-extract.md","327e7355ad9d9ecc26a6b9664042ffbc684846883f201ea659b24183d804d8a6"
"md","rank-and-confirm","skf","skf/skf-create-stack-skill/references/rank-and-confirm.md","15f95213e3e40ae8c5a2e99fb276ef702dc71b2015318f6442919e63022d766d"
"md","re-extract","skf","skf/skf-update-skill/references/re-extract.md","0011c14ebcb49fd6ef089725999fe819211b5307c6b248c12d5b41091011a0ee"
"md","re-index","skf","skf/skf-audit-skill/references/re-index.md","5a3494fba408e953a4bf49fb75a9707b08dfbe21d4cea40f3afc0c651fc30456"
"md","recommend","skf","skf/skf-analyze-source/references/recommend.md","1aacb961fd649f7c9229844581d764de13077a126cb279ae21a2732d97e9e346"
"md","refinement-rules","skf","skf/skf-refine-architecture/references/refinement-rules.md","a518d3559df860e3b5065215b891c9cd6fdef3aa191f515db9306cf8cb67a0cc"
"md","registry-resolution","skf","skf/skf-quick-skill/references/registry-resolution.md","3094406ffbee34d38edf0f27f186e2d65cbd3612657ae45ce31452f2f13e2788"
"md","remote-source-resolution","skf","skf/skf-update-skill/references/remote-source-resolution.md","af324b84fdc297f371c90d799d8ae2594229e8e8b3a05b0a9f9bf26df91f8328"
"md","report","skf","skf/skf-setup/references/report.md","9a59d3b04e3f09d24a9a344056c2c4633572fb8b5afe9c52242bf6eed0bdb2ad"
"md","report","skf","skf/skf-create-skill/references/report.md","b1eb06d2d2554268a36b62684aab7b1edd67cfd69faa239f5487667d9646b050"
"md","report","skf","skf/skf-create-stack-skill/references/report.md","499166a1bf0acb17cc7577fb4f9c4341f044e5ff6630dd6319541ecffa77a764"
"md","report","skf","skf/skf-update-skill/references/report.md","6d42c062cb17df643dac882613744f2d1f6ee8f6f5a02b9dd1ed5181487860aa"
"md","report","skf","skf/skf-audit-skill/references/report.md","119c5ef2ae5f89be2c41f49d767bea55985d66706ddbae421577339e79302fd9"
"md","report","skf","skf/skf-test-skill/references/report.md","6790adc633a5a3a7e9bb695983d5a0b649501a1117ec0cadfcd03bf78c198641"
"md","report","skf","skf/skf-rename-skill/references/report.md","982777cc04981777d85030709ed8d7d5cbca5e5d48892c4a8b6ec615c9e0c2cb"
"md","report","skf","skf/skf-drop-skill/references/report.md","a119a63e168dcff0286bc0542df815a64fd9c9cd2739352de234ccd52e207925"
"md","report","skf","skf/skf-verify-stack/references/report.md","7dc38ed1695efd1fe2a3f71bf14ea551d7d6b89af2f55cea3f34a801c2f01487"
"md","report","skf","skf/skf-refine-architecture/references/report.md","16062d86aac2172eda2b35846b2a60ff192efa711976f0818431fc53cdc12a00"
"md","requirements","skf","skf/skf-verify-stack/references/requirements.md","4a410f463fe2e3222acf5edb9c7a3aedb3fdfd61a0152081b196cef0deac3590"
"md","resolve-target","skf","skf/skf-quick-skill/references/resolve-target.md","c9c46b25bbd8a4030c665506acf30b2d1ccf66610a2a6dd70535b744f6ca42c7"
"md","result-envelope","skf","skf/skf-export-skill/references/result-envelope.md","3391cfb870e39543c215db66678e10b1605c6bb5b68b832c26ae1e71e92d6493"
"md","scan-project","skf","skf/skf-analyze-source/references/scan-project.md","06d29a9f4325990d5437b122f68963096835b93fa7586062f84c25e0eccb444a"
"md","scope-definition","skf","skf/skf-brief-skill/references/scope-definition.md","c0fdf5a34148630fb01f750e7c27483c0aca7ce0e6a0b0a15359c780b6fa1ea6"
"md","scope-templates","skf","skf/skf-brief-skill/assets/scope-templates.md","8178aa7b6c79b2678054e74acec61788ee0af5a7ea61b545114f60b4f5f08084"
"md","score","skf","skf/skf-test-skill/references/score.md","eb86d8924393e33adf9cb7c5a2642d0c7f21cc72f38505538782a7868992cdcb"
"md","scoring-rules","skf","skf/skf-test-skill/references/scoring-rules.md","ef0eee7fcdc8d0764da4a24339771f779e38c188be24a92061b03297e3253b97"
"md","select","skf","skf/skf-rename-skill/references/select.md","5acc0595e830255725133a30054909f46a7f059dc91076ce9839e5aa6dd0b1f7"
"md","select","skf","skf/skf-drop-skill/references/select.md","b804c3aa9e2b8cc2aff65161f49e43c6c85039c2208138b991b5b56a56720781"
"md","semantic-diff","skf","skf/skf-audit-skill/references/semantic-diff.md","f023372c69759deadd8a92dc70c80cd7614365711a4453960fb4db7440e638a6"
"md","severity-classify","skf","skf/skf-audit-skill/references/severity-classify.md","af8d8c503ceca55a66253b0f710635787d72c22f83b3c4705a1279f91d6f029e"
"md","severity-rules","skf","skf/skf-audit-skill/references/severity-rules.md","931afabfb345b42873a854e02ba2cb96773f52ff6545e2547ec4617f6e9bd0d6"
"md","SKILL","skf","skf/skf-forger/SKILL.md","4ebbdd547f2358fa48541fd10114fb277e5a882b383165c901abbebe4d960d20"
"md","SKILL","skf","skf/skf-setup/SKILL.md","8407504b229287c5bfba352a7d58ce81ff99f6aa41ad6b8eb5ebfb7e7eb4a408"
"md","SKILL","skf","skf/skf-analyze-source/SKILL.md","76d3224da493e22469fa4a7a5c76b58e1feadc52d00d464b1741546a11aed72d"
"md","SKILL","skf","skf/skf-brief-skill/SKILL.md","5eea8255b856a0d2b801d322f91c22c04710590efb945835deb8d27fad7c9fcf"
"md","SKILL","skf","skf/skf-create-skill/SKILL.md","b66caec3163d50038a79d87fbf812c4a77e9ef081905a98afbd60e74d5f0cef2"
"md","SKILL","skf","skf/skf-quick-skill/SKILL.md","61079981719c0f48a3906379befd9e5bbfba5d816b5878556ba51fbfb442d23f"
"md","SKILL","skf","skf/skf-create-stack-skill/SKILL.md","55b2943b188c3bb5da4542801d8f1053790f0d9559ad3cd40c1d5b2984b51632"
"md","SKILL","skf","skf/skf-update-skill/SKILL.md","b2c6ed7c4409f7bf7f8b989176868310b1af168c4b9dd731905f4bea7601f09e"
"md","SKILL","skf","skf/skf-audit-skill/SKILL.md","ea88d56ac1891087843199b2390bac3942f84fc73993d88a361f5258566bca5e"
"md","SKILL","skf","skf/skf-test-skill/SKILL.md","ef56ab676001c12bd8bb787ce1127a7b94e9c5a3b8bea7fa04b0c60133c8a6c3"
"md","SKILL","skf","skf/skf-export-skill/SKILL.md","9c217d3fbc90ae743964048854d9fbab4bdf72203d8282901e775511f2b51dba"
"md","SKILL","skf","skf/skf-rename-skill/SKILL.md","1a1b37d1c04f7aec79e96cde5e014bf97e924e17b24ba59a9eb476e6640e3fa7"
"md","SKILL","skf","skf/skf-drop-skill/SKILL.md","590f7cc45b985570d28caa4317b01a4c4bef1b111003f5c14a4fdea4f85bd14b"
"md","SKILL","skf","skf/skf-verify-stack/SKILL.md","37582ed82de0450dfc3aecf5a5089a99acffa5755ab4ba8d4ab22497b542fd69"
"md","SKILL","skf","skf/skf-refine-architecture/SKILL.md","bb16a21f5fd86e89b866df37f1300e1b0404e1b3c417804ee25ec60f2a36aec9"
"md","skill-brief-schema","skf","skf/skf-analyze-source/assets/skill-brief-schema.md","3371afc5c7d53afe9991c0a34403c9c7fca35ef96849fdc3c1a1c2798355f03a"
"md","skill-brief-schema","skf","skf/skf-brief-skill/assets/skill-brief-schema.md","8fc684436b61b4948f6f76cd80a2cdafabc4c64e216f4a4b251fb265f2fe4849"
"md","skill-sections","skf","skf/skf-create-skill/assets/skill-sections.md","be81a5803ff82589b385c9d3b329a9dff64743f148bebe79058253a6e00cd731"
"md","skill-template","skf","skf/skf-quick-skill/assets/skill-template.md","11dfedcffa3be0600bfdcfc6e22696391061536af28704aae6c5074b1ff926eb"
"md","snippet-format","skf","skf/skf-export-skill/assets/snippet-format.md","998d35167a688eebcbc7d546cc36176496ba68472fb18b8caf6ad71b1ca35edc"
"md","source-access-protocol","skf","skf/skf-test-skill/references/source-access-protocol.md","2a7cad0af49d961b5f3cfda38cb78a481e436c24df55d971c20a7d7544543acb"
"md","source-resolution-protocols","skf","skf/skf-create-skill/references/source-resolution-protocols.md","9796b7c8d5e294af83cbf26f376a2ff06880da9a04d3603b20cca9f20526cd84"
"md","stack-skill-template","skf","skf/skf-create-stack-skill/assets/stack-skill-template.md","54da38b66df0dc046a5b20e73899fb710dbff7eb0ea01eeec9f94f6489cc6f20"
"md","step-auto-brief","skf","skf/skf-brief-skill/references/step-auto-brief.md","f0129e740bbf78587e509400ebf2fa62f3b3a4a542b423175c4d9d9eadf0fd77"
"md","step-auto-scope","skf","skf/skf-analyze-source/references/step-auto-scope.md","1aa38797c12c52df1461af7276dac47f4db33c009946f34f9cff3e615b948f3e"
"md","step-auto-shard","skf","skf/skf-create-skill/references/step-auto-shard.md","d89f550ae497d5f08fc38bb3627f527c8149383cca81753bdbdfe0aa5ecea424"
"md","step-auto-validate","skf","skf/skf-brief-skill/references/step-auto-validate.md","81aa938648370fbd7b97c703b09aca15cab798dbe88adef9a85c580aa8f5786e"
"md","step-doc-drift","skf","skf/skf-audit-skill/references/step-doc-drift.md","120f05c23437852ab4d4e4c11deff4f67252b17aebb6d6fbdf14bea1ef5b1e12"
"md","step-doc-rot","skf","skf/skf-create-skill/references/step-doc-rot.md","3a0032515d602a2209bab5efb029db7cb8f1d3dd6299bef04b6c833f76825cb1"
"md","step-doc-sources","skf","skf/skf-create-skill/references/step-doc-sources.md","6fbf3f328ac4538af7115f8a8a5c968acb55d7b16cd1591239214b53df529312"
"md","step-hard-gate","skf","skf/skf-test-skill/references/step-hard-gate.md","0bac92048e6dd10e0eb14c5418179479e280e9945000a5a455affbeabd164cb1"
"md","step-shape-detect","skf","skf/skf-analyze-source/references/step-shape-detect.md","ee9d283625fb34e91664dcd0eaf13320289646f264c0a7349fb7f46405a33981"
"md","structural-diff","skf","skf/skf-audit-skill/references/structural-diff.md","7ac7672c807efdef7a29a04aa9e109db00da997e5a82908f0259769024957be7"
"md","summary","skf","skf/skf-export-skill/references/summary.md","44593e282a97aa0859f961f792f942b7d31bc23884700a9d6332d17e32c57c27"
"md","synthesize","skf","skf/skf-verify-stack/references/synthesize.md","cc8cf2988da4b2c1620312c71f2c4f7dcca0920a2e9d9c8f244058693dcbfd79"
"md","tessl-dismissal-rules","skf","skf/skf-create-skill/assets/tessl-dismissal-rules.md","3c136a2296cc478ab50362cf612d9602ce9aa9c894f8d627305af2189cb79c44"
"md","test-report-template","skf","skf/skf-test-skill/templates/test-report-template.md","0718e3673f213481d88ebda88631fdd7b6d47bd3adf123939cb1fdac94d3202f"
"md","tier-degradation-rules","skf","skf/skf-create-skill/references/tier-degradation-rules.md","c04785277f12a035a9c0ad3bcf10a4e26960246c7c01f79e526bb3d59e3869c6"
"md","tier-rules","skf","skf/skf-setup/references/tier-rules.md","a11ba8524ea367b80f8ee5785e0923b0600abef6fbed824112e7fbfe29e1211f"
"md","token-report","skf","skf/skf-export-skill/references/token-report.md","759ea327345d9eea1c2ba99fae11ed5577ddaafb04679cb11453c11a0e1cd84f"
"md","unit-detection-heuristics","skf","skf/skf-analyze-source/references/unit-detection-heuristics.md","daa255c8cb4b4347c3c08ba41458c0cbb002f0947294d80a415bc31c95795a88"
"md","update-context","skf","skf/skf-export-skill/references/update-context.md","c7aa9b9375131faf77b1ee8176adb559b9e18a6b6ef54c8d5ab9a623ed6652fb"
"md","validate","skf","skf/skf-create-skill/references/validate.md","b1cd65de8432046defbd7abc51b6dbc34bc44eea171b5f2b34a82a9ad5cec14e"
"md","validate","skf","skf/skf-create-stack-skill/references/validate.md","0e79fcabfa58dbbb43d94ea15a89c1997b7b68bce78c11f55df66bc4623c816c"
"md","validate","skf","skf/skf-update-skill/references/validate.md","ba019c2f16cf6b085527ffacaeee41552d33fda28020dca12e4afa57149cd222"
"md","version-resolution","skf","skf/skf-brief-skill/references/version-resolution.md","0860073fbcaf842a035078a074ec37783025f0c991cf8241117ebcff648380aa"
"md","write","skf","skf/skf-update-skill/references/write.md","532b309ef843bf6c98def84fa9f813724b99cfae49123617fb852d83946560b2"
"md","write-and-validate","skf","skf/skf-quick-skill/references/write-and-validate.md","67729c09ae3e53827270ba683be54bc6748a0e3121f06188446e0ecd2392ab38"
"md","write-brief","skf","skf/skf-brief-skill/references/write-brief.md","aee45cf06b6b72ff7e8f6bc2b5afe0ab4a63dbc738748cb11a8b2f5b9b639933"
"md","write-config","skf","skf/skf-setup/references/write-config.md","d84a99e2056b21db48d7afc0e7f6e692f70799176e9101c8f39bfc8fd78756d5"
"py","aggregate-coherence","skf","skf/skf-test-skill/scripts/aggregate-coherence.py","552220650bf26fb8f5b5c9270db23152f5cf4e4d4f04365884b5c4c925a57ea0"
"py","check-metadata-coherence","skf","skf/skf-test-skill/scripts/check-metadata-coherence.py","7e6d1a705c236a1f3185fe78518d230a73ede5ba30508f8b42d2755011924934"
"py","combine-external-scores","skf","skf/skf-test-skill/scripts/combine-external-scores.py","8c739e89db4d990a089480d0c1d85b93ccb70b4c6c4f94282cd23f82848143b4"
"py","compute-score","skf","skf/skf-test-skill/scripts/compute-score.py","4ea6b97b35dede402485513894b5451fa83d613b62a0d9eb1567ff9f6d5deeff"
"py","dir-sizes","skf","skf/skf-drop-skill/scripts/dir-sizes.py","d733b6e11877e39433dcefb0fa91b152d8863b8ce79c9e3ef59c5e6565eccaff"
"py","parse-pipeline","skf","skf/skf-forger/scripts/parse-pipeline.py","6d6845a6103012db77724ea686d021e6208ceb6901eed31510c5f0655f40600a"
"py","reconcile-coverage","skf","skf/skf-test-skill/scripts/reconcile-coverage.py","7cc11f2c85a163ca59e031591d1ce442be2b900e71a9b16607c84adf1be447d8"
"py","scan-doc-rot","skf","skf/skf-create-skill/scripts/scan-doc-rot.py","e6e294af99a9549640b9dfa69d99dd3133c0a3fa39cc4b7acee2f931002daf37"
"py","skf-coverage-tally","skf","skf/skf-verify-stack/scripts/skf-coverage-tally.py","f5fa049b6050147a00a34444bf271a861263add15bd555023f4b775b54276c10"
"py","skf-new-file-diff","skf","skf/skf-update-skill/scripts/skf-new-file-diff.py","89808004ef20a018a6e144fcbece7be8b32e0dfb44ac28d7a1c170c3c39bb75c"
"py","skf-report-delta","skf","skf/skf-verify-stack/scripts/skf-report-delta.py","544d2a46c81a085d68699b3f3ab4e28d10d614a3774d1ac5e447e92221dd7039"
"py","skf-validate-rename-name","skf","skf/skf-rename-skill/scripts/skf-validate-rename-name.py","546768e73318985796327c1d4e3a26ab28dd91f633ff6238fe85ff5de93b2d1d"
"py","skf-verdict-rollup","skf","skf/skf-verify-stack/scripts/skf-verdict-rollup.py","3fc6c29c473e01d087c5a910d937002c45b4951f101aece367b63ccf0482d5a6"
"py","validate-inventory","skf","skf/skf-test-skill/scripts/validate-inventory.py","dcb357ce41eb67f19a9d7cb4f4367916c2d21a8e7832986f3eb3350fe7cda554"
"py","verify-declared-numerator","skf","skf/skf-test-skill/scripts/verify-declared-numerator.py","0f2e560ae7dbd3da15458998bb7074ac1159f6ff98909b1d6bdd161fe9eecc31"
"toml","customize","skf","skf/skf-setup/customize.toml","3b630eec22932fb60c8eae2769644ae8bb1519858792508f8ca720b5f485c3b5"
"toml","customize","skf","skf/skf-analyze-source/customize.toml","a38df85786ce5884f26b42e35a9f53dac43a720e3ac85e3ef1976d8ff7738f49"
"toml","customize","skf","skf/skf-brief-skill/customize.toml","d514d99990adb3f9139a34eec273b70242e8147f4bc049f856081d0e7a71ab0b"
"toml","customize","skf","skf/skf-create-skill/customize.toml","e3270f370b14a96020c5c4f57c1a4e3ca5cba293b5ef5c4b83e1bc71e1f6de46"
"toml","customize","skf","skf/skf-quick-skill/customize.toml","83f616695a4d0d772cf3d01dd910ea0f03a67a33ae390d7be0d3c3b6b857c1eb"
"toml","customize","skf","skf/skf-create-stack-skill/customize.toml","cb9d03e93a85cc084864e8e0e59d9c41f43502c927bbf4307a2d5a76cf1c7c6b"
"toml","customize","skf","skf/skf-update-skill/customize.toml","3f96bd85438901c26f51ac01b21a752ca026a9d489622a30477f131f551a6e68"
"toml","customize","skf","skf/skf-audit-skill/customize.toml","56049d1289f741cade75e8a2bc01b6f53a64e6999b4837cbc3bf8f5266129dbe"
"toml","customize","skf","skf/skf-test-skill/customize.toml","c637c3357660451255caf0a24926463405b23a00f9dab32bdebec0a75d1aae66"
"toml","customize","skf","skf/skf-export-skill/customize.toml","c9148d7e878f55b8a9869ae96a0806c828633893a0bd0c1988a3d86d59167c53"
"toml","customize","skf","skf/skf-rename-skill/customize.toml","6814aeb1327db58018172349b0c8d70832fc1b93b25c16e2adf876794c3f72d8"
"toml","customize","skf","skf/skf-drop-skill/customize.toml","69fbd6723aa67c29d46c1c267e8c73cf668fcce531ceea022407fd4af10554cc"
"toml","customize","skf","skf/skf-verify-stack/customize.toml","15c8f9cd8e49e1484030a91fa8ee27c6f140d9e690bd3eda36fa96c6914af785"
"toml","customize","skf","skf/skf-refine-architecture/customize.toml","d4088ef6df482054d583449491ba6588a6f5d69afc2775c469345acf9e175e66"
"yaml","bmad-skill-manifest","skf","skf/skf-forger/bmad-skill-manifest.yaml","993a452ce5e5bdb389e6089fc5d5a1e3a1877a9450192ec1c1ce00b25c0a1072"
"yaml","config","skf","skf/config.yaml","402ff23c5a40af6e738c262caa32f710589f1f72f964c931a0995134b2a47234"
